Image Path,Pixels Size,Segmentation Time
cat8,67925,0.206627
cat6,135000,0.274243
dog30,157000,0.306733
cat44,211000,0.347966
duck1,740720,1.003526
cat7,1572864,1.82385
cat27,1920000,2.304923
cat14,3110400,3.600103